trajectory_step_m,node_id,time_s,cooja_x_m,cooja_y_m,cooja_z_m
10,1,0.0,0.0,0.0,0.0
10,1,1.0,9.420588479,0.448516762,0.0
10,1,2.0,18.841176959,1.345772845,0.0
10,1,3.0,29.158976288,2.242917495,0.0
10,1,4.0,39.028128377,4.934573424,0.0
10,1,5.0,48.897280468,6.728973051,0.0
10,1,6.0,58.317868948,8.523372232,0.0
10,1,7.0,68.187021036,9.420515996,0.0
10,1,8.0,77.158962278,10.317770971,0.0
10,1,9.0,87.028197995,11.21491451,0.0
10,1,10.0,96.897350087,11.21491451,0.0
10,1,11.0,96.897350087,20.635527275,0.0
10,1,12.0,86.579550758,20.186900439,0.0
10,1,13.0,76.261835053,17.943877165,0.0
10,1,14.0,65.046824878,17.495361486,0.0
10,1,15.0,55.626236398,17.495361486,0.0
10,1,16.0,45.308520697,15.700964521,0.0
10,1,17.0,35.887932218,13.457939863,0.0
10,1,18.0,26.018780126,11.663541901,0.0
10,1,19.0,17.046755259,10.317770971,0.0
10,1,20.0,7.177603171,9.420515996,0.0
10,1,21.0,-1.794338071,7.177600719,0.0
10,1,22.0,-3.588759771,17.495361486,0.0
10,1,23.0,4.934617858,19.738273576,0.0
10,1,24.0,13.457995488,21.981296293,0.0
10,1,25.0,23.775794817,21.981296293,0.0
10,1,26.0,32.747736059,24.224318318,0.0
10,1,27.0,42.168324535,25.570086673,0.0
10,1,28.0,51.588913018,26.467339649,0.0
10,1,29.0,61.009417869,26.467339649,0.0
10,1,30.0,69.981442736,27.813107589,0.0
10,1,31.0,79.401947591,28.710248967,0.0
10,1,32.0,88.82253607,30.05612781,0.0
10,1,33.0,96.897350087,30.953268912,0.0
10,1,34.0,95.551575625,40.373856058,0.0
10,1,35.0,85.233776295,40.373856058,0.0
10,1,36.0,74.91597697,39.4766048,0.0
10,1,37.0,65.495472115,37.233698811,0.0
10,1,38.0,53.831898327,35.439306726,0.0
10,1,39.0,43.96266261,34.542054857,0.0
10,1,40.0,33.644946909,35.439306726,0.0
10,1,41.0,23.775794817,32.747662107,0.0
10,1,42.0,13.457995488,31.850521227,0.0
10,1,43.0,3.588843399,29.607501557,0.0
10,1,44.0,-4.93453423,27.364481196,0.0
10,1,45.0,-6.280308693,36.785073001,0.0
10,1,46.0,3.140196162,39.925230444,0.0
10,1,47.0,11.663573792,39.925230444,0.0
10,1,48.0,21.981373117,42.616872402,0.0
10,1,49.0,31.850525209,43.962637345,0.0
10,1,50.0,42.168324535,45.757027323,0.0
10,1,51.0,52.48604024,47.551416855,0.0
10,1,52.0,62.355275956,48.000041999,0.0
10,1,53.0,72.672991657,49.794430979,0.0
10,1,54.0,82.093580137,51.140194594,0.0
10,1,55.0,92.411379466,50.691569643,0.0
10,1,56.0,92.859943079,60.56075554,0.0
10,1,57.0,81.645016524,61.009379879,0.0
10,1,58.0,72.224428045,59.214993674,0.0
10,1,59.0,61.458065107,58.317744742,0.0
10,1,60.0,52.037476627,56.52335787,0.0
10,1,61.0,40.822550076,55.177595257,0.0
10,1,62.0,29.607539901,54.280345829,0.0
10,1,63.0,19.738387809,50.691569643,0.0
10,1,64.0,9.420588479,49.794430979,0.0
10,1,65.0,0.0,48.448667117,0.0
10,1,66.0,-8.523294005,46.654166485,0.0
10,1,67.0,-10.317715701,56.971982461,0.0
10,1,68.0,0.448647237,59.663618097,0.0
10,1,69.0,9.869235717,61.009379879,0.0
10,1,70.0,19.738387809,63.252389846,0.0
10,1,71.0,30.95331436,64.149526845,0.0
10,1,72.0,40.373902839,65.943911833,0.0
10,1,73.0,50.691702168,68.186920272,0.0
10,1,74.0,61.458065107,69.084167983,0.0
10,1,75.0,71.327217198,70.87855175,0.0
10,1,76.0,81.645016524,72.224311455,0.0
10,1,77.0,92.859943079,72.224311455,0.0
10,1,78.0,92.859943079,82.093468077,0.0
10,1,79.0,80.747805678,82.990714068,0.0
10,1,80.0,68.635584649,80.747710201,0.0
10,1,81.0,58.76643256,78.056082384,0.0
10,1,82.0,48.448716856,77.607570419,0.0
10,1,83.0,38.130917527,76.26170039,0.0
10,1,84.0,26.915990976,74.467317954,0.0
10,1,85.0,16.59819165,73.570182231,0.0
10,1,86.0,7.177603171,70.87855175,0.0
10,1,87.0,-3.588759771,69.532791797,0.0
10,1,88.0,-13.009348251,67.738407697,0.0
10,1,89.0,-13.906475472,77.158947103,0.0
10,1,90.0,-3.588759771,80.29908708,0.0
10,1,91.0,7.177603171,82.542091086,0.0
10,1,92.0,17.495402496,83.887848626,0.0
10,1,93.0,28.261765438,86.130851522,0.0
10,1,94.0,39.028128377,86.579474284,0.0
10,1,95.0,48.000069619,89.271098942,0.0
10,1,96.0,58.76643256,90.616855236,0.0
10,1,97.0,69.084231886,91.06547772,0.0
10,1,98.0,81.196369287,93.757100714,0.0
10,1,99.0,92.859943079,94.654233941,0.0
20,1,0.0,0.0,0.0,0.0
20,1,1.0,19.286996256,2.916256344,0.0
20,1,2.0,39.022548704,6.729640734,0.0
20,1,3.0,58.309544959,9.645894374,0.0
20,1,4.0,77.372263122,12.337725576,0.0
20,1,5.0,97.556288132,13.907895045,0.0
20,1,6.0,97.10781557,32.975213385,0.0
20,1,7.0,76.250872651,29.161731459,0.0
20,1,8.0,56.291125733,28.264493689,0.0
20,1,9.0,35.882739004,24.002390127,0.0
20,1,10.0,15.698713993,21.534872919,0.0
20,1,11.0,-3.364004169,17.272765405,0.0
20,1,12.0,-5.830979584,37.013002495,0.0
20,1,13.0,13.680294768,41.050789359,0.0
20,1,14.0,33.191569119,42.845372946,0.0
20,1,15.0,52.254287282,47.107465445,0.0
20,1,16.0,71.765561634,49.574973959,0.0
20,1,17.0,91.052557893,51.36955544,0.0
20,1,18.0,89.706972949,71.109811121,0.0
20,1,19.0,69.522864312,67.296349232,0.0
20,1,20.0,49.787395491,64.380118754,0.0
20,1,21.0,30.051843046,62.136923685,0.0
20,1,22.0,9.867734409,58.996493952,0.0
20,1,23.0,-9.419261847,55.407334318,0.0
20,1,24.0,-12.783266016,74.250346933,0.0
20,1,25.0,6.952286432,76.942154177,0.0
20,1,26.0,26.015004595,81.428534472,0.0
20,1,27.0,45.974835135,82.550184772,0.0
20,1,28.0,65.037553298,86.363638648,0.0
20,1,29.0,84.324549554,88.606826229,0.0
30,1,0.0,0.0,0.0,0.0
30,1,1.0,29.378976974,3.589183369,0.0
30,1,2.0,58.757953951,7.85129457,0.0
30,1,3.0,88.585570255,11.216052988,0.0
30,1,4.0,85.670041805,41.275056323,0.0
30,1,5.0,55.842509125,36.340037844,0.0
30,1,6.0,25.790698594,32.30225248,0.0
30,1,7.0,-4.485389787,26.694188783,0.0
30,1,8.0,-8.970695952,56.080202947,0.0
30,1,9.0,20.408281022,60.117975088,0.0
30,1,10.0,49.563063772,65.726012961,0.0
30,1,11.0,79.39059645,68.417820621,0.0
30,1,12.0,76.250873773,97.355274342,0.0
30,1,13.0,45.974785389,92.868797148,0.0
30,1,14.0,15.474419154,89.055350578,0.0
30,1,15.0,-13.456085739,83.671638248,0.0
40,1,0.0,0.0,0.0,0.0
40,1,1.0,39.246922648,5.383681368,0.0
40,1,2.0,78.269566656,10.094427122,0.0
40,1,3.0,75.129749291,50.24801989,0.0
40,1,4.0,34.761517053,42.396744488,0.0
40,1,5.0,-5.606715181,36.340050058,0.0
40,1,6.0,-11.661904023,75.596374907,0.0
40,1,7.0,27.13646134,82.32596157,0.0
40,1,8.0,66.83185765,87.485385043,0.0
50,1,0.0,0.0,0.0,0.0
50,1,1.0,49.338892743,7.178268285,0.0
50,1,2.0,98.67778549,10.991765649,0.0
50,1,3.0,95.313777677,60.79102378,0.0
50,1,4.0,45.526328255,56.304626154,0.0
50,1,5.0,-5.382429225,46.883093059,0.0
50,1,6.0,-15.923009337,96.233823758,0.0
50,1,7.0,33.191605071,103.860722907,0.0
50,1,8.0,82.754776153,109.020124057,0.0
